SourceFile,SearchKey,ODSCode,OrganisationName,RelatedCCGIndex,RelatedCCGODSCode,RelatedCCGOrganisationName
page_000026.json,X100700,RKL14,Hammersmith & Fulham Talking Therapies,1,W2U3Z,NHS West And North London Icb - W2u3z
page_000026.json,X101849,NJG01,Impact on Teesside,1,16C,NHS North East And North Cumbria Icb - 16C
page_000027.json,X102126,TAJ53,Wolverhampton Talking Therapies,1,D2P2L,NHS Black Country ICB 
page_000027.json,X103378,RWK1H,Richmond Talking Therapies,1,36L,NHS South West London ICB 
page_000027.json,X103380,RWK79,Newham Talking Therapies,1,A3A8R,NHS North East London Icb - A3a8r
page_000027.json,X103380,RWK79,Newham Talking Therapies,2,71E,NHS Lincolnshire Icb - 71E
page_000027.json,X103462,RT260,NHS Bury Talking Therapies,1,00V,NHS Greater Manchester ICB 
page_000027.json,X103764,RY2X3,Think Wellbeing Halton,1,01F,NHS Cheshire and Merseyside ICB 
page_000027.json,X103764,RY2X3,Think Wellbeing Halton,2,02H,NHS Greater Manchester ICB 
page_000028.json,X104803,RY607,Leeds Mental Wellbeing Service,1,15F,NHS West Yorkshire ICB 
page_000028.json,X104803,RY607,Leeds Mental Wellbeing Service,2,X2C4Y,NHS West Yorkshire Icb - X2c4y
page_000028.json,X104803,RY607,Leeds Mental Wellbeing Service,3,03R,NHS West Yorkshire ICB 
page_000028.json,X105078,RX2H8,Health in Mind Sussex,1,97R,NHS Surrey and Sussex ICB 
page_000028.json,X105286,RH5G4,Talking Therapies - Somerset IAPT Service,1,11X,NHS Somerset ICB 
page_000028.json,X105339,RT181,CPFT Psychological Wellbeing Service,1,06H,NHS Central East ICB 
page_000028.json,X105877,RP7WK,Steps2Change Stamford,1,71E,NHS Lincolnshire Icb - 71E
page_000028.json,X105895,RP774,Steps2Change Louth,1,71E,NHS Lincolnshire Icb - 71E
page_000028.json,X105921,RT2J3,NHS Tameside and Glossop Talking Therapies,1,00V,NHS Greater Manchester ICB 
page_000028.json,X105921,RT2J3,NHS Tameside and Glossop Talking Therapies,2,01Y,NHS Greater Manchester ICB 
page_000028.json,X105922,RXA29,NHS Central Cheshire Talking Therapies,1,01F,NHS Cheshire and Merseyside ICB 
page_000028.json,X105944,RV5CK,Lambeth Talking Therapies/Lambeth IAPT,1,72Q,NHS South East London Icb - 72Q
page_000028.json,X105945,RXA52,NHS West Cheshire Talking Therapies,1,01F,NHS Cheshire and Merseyside ICB 
page_000029.json,X107049,RVNCG,Swindon Talking Therapies,1,92G,"NHS Bath And North East Somerset, Swindon And Wiltshire Icb - 92G"
page_000029.json,X107052,RNUDT,Oxfordshire Talking Therapies,1,10Q,NHS Thames Valley ICB 
page_000029.json,X107059,AKR02,Lancashire Women - Accrington Centre (Head Office),1,01A,NHS Lancashire and South Cumbria ICB 
page_000029.json,X107123,RXECE,NHS North Lincolnshire Talking Therapies,1,03K,NHS Humber and North Yorkshire ICB 
page_000029.json,X107135,R1F04,NHS Talking Therapies - Isle of Wight,1,10R,NHS Hampshire and Isle of Wight ICB 
page_000029.json,X107135,R1F04,NHS Talking Therapies - Isle of Wight,2,D9Y0V,NHS Hampshire And Isle Of Wight ICB
page_000029.json,X107135,R1F04,NHS Talking Therapies - Isle of Wight,3,11J,NHS Dorset ICB 
page_000029.json,X107136,R1AEC,Herefordshire and Worcestershire Talking Therapies,1,18C,NHS Herefordshire And Worcestershire Icb - 18C
page_000029.json,X107462,RKL42,Hounslow Talking Therapies,1,W2U3Z,NHS West And North London Icb - W2u3z
page_000029.json,X107531,RXGAA,NHS Barnsley Talking Therapies,1,02P,NHS South Yorkshire ICB 
page_000029.json,X107536,AM701,Sign Health,1,11N,NHS Cornwall and the Isles of Scilly ICB 
page_000029.json,X107544,AMC01,Manchester Psychological Wellbeing Service,1,02A,NHS Greater Manchester ICB 
page_000029.json,X107544,AMC01,Manchester Psychological Wellbeing Service,2,01W,NHS Greater Manchester ICB 
page_000029.json,X107544,AMC01,Manchester Psychological Wellbeing Service,3,14L,NHS Greater Manchester ICB 
page_000029.json,X107547,AM001,Let's Talk Relationships,1,36J,NHS West Yorkshire Icb - 36J
page_000029.json,X107552,AM601,Mindler,1,04C,"NHS Leicester, Leicestershire and Rutland ICB "
page_000029.json,X107552,AM601,Mindler,2,01A,NHS Lancashire and South Cumbria ICB 
page_000029.json,X107552,AM601,Mindler,3,02Y,NHS Humber and North Yorkshire ICB 
page_000029.json,X107552,AM601,Mindler,4,03W,"NHS Leicester, Leicestershire and Rutland ICB "
page_000029.json,X107552,AM601,Mindler,5,06H,NHS Central East ICB 
page_000029.json,X107552,AM601,Mindler,6,00Q,NHS Lancashire and South Cumbria ICB 
page_000029.json,X107552,AM601,Mindler,7,06T,NHS Essex ICB 
page_000029.json,X107552,AM601,Mindler,8,99G,NHS Essex ICB 
page_000029.json,X107552,AM601,Mindler,9,01E,NHS Lancashire and South Cumbria ICB 
page_000029.json,X107552,AM601,Mindler,10,15F,NHS West Yorkshire ICB 
page_000029.json,X107552,AM601,Mindler,11,D4U1Y,NHS Frimley Icb - D4u1y
page_000029.json,X107552,AM601,Mindler,12,D9Y0V,NHS Hampshire And Isle Of Wight ICB
page_000029.json,X107552,AM601,Mindler,13,15M,NHS Derby And Derbyshire Icb - 15M
page_000029.json,X107552,AM601,Mindler,14,18C,NHS Herefordshire And Worcestershire Icb - 18C
page_000029.json,X107552,AM601,Mindler,15,70F,NHS Surrey and Sussex ICB 
page_000029.json,X107552,AM601,Mindler,16,92A,NHS Surrey And Sussex ICB
page_000029.json,X107552,AM601,Mindler,17,92G,"NHS Bath And North East Somerset, Swindon And Wiltshire Icb - 92G"
page_000029.json,X107552,AM601,Mindler,18,13T,NHS North East and North Cumbria ICB 
page_000029.json,X107552,AM601,Mindler,19,99F,NHS Essex ICB 
page_000029.json,X107552,AM601,Mindler,20,06K,NHS Central East ICB 
page_000029.json,X107552,AM601,Mindler,21,11J,NHS Dorset ICB 
page_000029.json,X107556,AMD01,The Kaleidoscope Plus Group,1,15E,NHS Birmingham and Solihull ICB 
page_000029.json,X107556,AMD01,The Kaleidoscope Plus Group,2,D2P2L,NHS Black Country ICB 
page_000029.json,X107563,AME01,Mind in Bexley,1,72Q,NHS South East London Icb - 72Q
page_000029.json,X107575,AML01,1Point (North West),1,00T,NHS Greater Manchester ICB 
page_000029.json,X107587,RP717,Steps2Change Spalding,1,71E,NHS Lincolnshire Icb - 71E
page_000029.json,X108014,NR536,Livewell Southwest,1,11N,NHS Cornwall and the Isles of Scilly ICB 
page_000029.json,X108014,NR536,Livewell Southwest,2,15N,NHS Devon ICB 
page_000030.json,X108324,RXEDM,NHS Doncaster Talking Therapies,1,02X,NHS South Yorkshire ICB 
page_000030.json,X109551,NWX08,Brighton and Hove Wellbeing Service,1,09D,NHS Surrey and Sussex ICB 
page_000030.json,X109587,RP7YW,Steps2Change Sleaford,1,71E,NHS Lincolnshire Icb - 71E
page_000030.json,X109771,RW41G,NHS Talking Therapies Liverpool,1,99A,NHS Cheshire and Merseyside ICB 
page_000030.json,X110013,RREV0,"Shropshire, Telford and Wrekin NHS Talking Therapies",1,M2L0M,"NHS Shropshire, Telford And Wrekin Icb - M2l0m"
page_000031.json,X110738,ALR01,Living Well Consortium,1,15E,NHS Birmingham and Solihull ICB 
page_000031.json,X110738,ALR01,Living Well Consortium,2,D2P2L,NHS Black Country ICB 
page_000031.json,X110949,RWK3C,Bedfordshire Talking Therapies,1,M1J4Y,NHS Central East Icb - M1j4y
page_000031.json,X111199,NO204,NHS Northumberland Talking Therapies,1,00L,NHS North East and North Cumbria ICB 
page_000031.json,X111270,RDY48,Steps 2 Wellbeing (Bournemouth and Christchurch),1,11J,NHS Dorset ICB 
page_000032.json,X112447,RMYMG,Wellbeing Suffolk,1,06L,NHS Norfolk and Suffolk ICB 
page_000032.json,X112447,RMYMG,Wellbeing Suffolk,2,07K,NHS Norfolk and Suffolk ICB 
page_000032.json,X113287,RVNN1,B&NES Talking Therapies,1,92G,"NHS Bath And North East Somerset, Swindon And Wiltshire Icb - 92G"
page_000032.json,X113316,RV9AP,East Riding Emotional Wellbeing Service,1,02Y,NHS Humber and North Yorkshire ICB 
page_000033.json,X114199,RQX20,St Leonard,1,A3A8R,NHS North East London Icb - A3a8r
page_000033.json,X115860,NNE01,DHC Talking Therapies,1,92A,NHS Surrey And Sussex ICB
page_000035.json,X119672,RV5CG,Southwark IAPT,1,72Q,NHS South East London Icb - 72Q
page_000035.json,X119673,RV5CH,Lewisham Talking Therapies,1,72Q,NHS South East London Icb - 72Q
page_000035.json,X119674,RV5CJ,Croydon Talking Therapies,1,36L,NHS South West London ICB 
page_000035.json,X119753,NI386,With You Woking,1,D4U1Y,NHS Frimley Icb - D4u1y
page_000035.json,X120000,AMC02,Self Help Services (PBR),1,14L,NHS Greater Manchester ICB 
page_000036.json,X121647,RTF61,North Tyneside Talking Therapies,1,99C,NHS North East and North Cumbria ICB 
page_000037.json,X121892,RATCL,Talking Therapies - Barking and Dagenham,1,A3A8R,NHS North East London Icb - A3a8r
page_000037.json,X122400,RDREB,NHS West Sussex Talking Therapies,1,70F,NHS Surrey and Sussex ICB 
page_000038.json,X123711,DA301,The Magdalene Project,1,01A,NHS Lancashire and South Cumbria ICB 
page_000038.json,X123715,DA601,Beacon Counselling,1,01W,NHS Greater Manchester ICB 
page_000038.json,X123819,rv3ch,Brent Talking Therapies (IAPT),1,07P,NHS Brent CCG
page_000038.json,X123977,AYV01,Hull and East Yorkshire Counselling Limited,1,03F,NHS Humber and North Yorkshire ICB 
page_000038.json,X123977,AYV01,Hull and East Yorkshire Counselling Limited,2,02Y,NHS Humber and North Yorkshire ICB 
page_000038.json,X124286,AXE01,Norfolk and Waveney Talking Therapies,1,26A,NHS Norfolk and Suffolk ICB 
page_000038.json,X124836,RW1GF,NHS Talking Therapies Southampton,1,10X,NHS Southampton CCG
page_000038.json,X124836,RW1GF,NHS Talking Therapies Southampton,2,D9Y0V,NHS Hampshire And Isle Of Wight ICB
page_000039.json,X125554,NKI70,Turning Point - Wakefield,1,03R,NHS West Yorkshire ICB 
page_000039.json,X125636,DDF01,Hull and East Yorkshire Mind,1,03F,NHS Humber and North Yorkshire ICB 
page_000039.json,X125646,TAF87,Islington Talking Therapies,1,93C,NHS West And North London Icb - 93C
page_000039.json,X125647,TAF88,Camden Talking Therapies,1,93C,NHS West And North London Icb - 93C
page_000039.json,X126178,RW5QA,NHS Talking Therapies Lancashire and South Cumbria,1,01A,NHS Lancashire and South Cumbria ICB 
page_000039.json,X126178,RW5QA,NHS Talking Therapies Lancashire and South Cumbria,2,00Q,NHS Lancashire and South Cumbria ICB 
page_000039.json,X126400,RP7DG,Steps2Change Skegness,1,71E,NHS Lincolnshire Icb - 71E
page_000040.json,X126982,RXEDX,NHS Rotherham Talking Therapies,1,03N,NHS South Yorkshire ICB 
page_000040.json,X127583,AMC03,Self Help Services (Eastern Cheshire),1,27D,NHS Cheshire and Merseyside ICB 
page_000040.json,X127769,RPGEV,Greenwich Time to Talk,1,72Q,NHS South East London Icb - 72Q
page_000040.json,X127782,TAHJF,Sheffield talking therapies,1,03N,NHS South Yorkshire ICB 
page_000040.json,X128155,RXV88,Trafford Primary Care Psychological Therapy Service,1,02A,NHS Greater Manchester ICB 
page_000041.json,X128823,RP7WW,Steps2Change Boston,1,71E,NHS Lincolnshire Icb - 71E
page_000041.json,X128850,RQY12,Talk Wandsworth,1,36L,NHS South West London ICB 
page_000041.json,X129590,R1LC1,Therapy For You,1,06T,NHS Essex ICB 
page_000041.json,X129778,NNF89,Let's Talk Hull,1,03F,NHS Humber and North Yorkshire ICB 
page_000042.json,X130251,R1LE4,Therapy For You,1,99G,NHS Essex ICB 
page_000042.json,X130251,R1LE4,Therapy For You,2,99F,NHS Essex ICB 
page_000042.json,X130905,RV3L8,Community Living Well- Talking Therapies Service (IAPT),1,W2U3Z,NHS West And North London Icb - W2u3z
page_000043.json,X131769,RQYPR,Sutton Uplift,1,36L,NHS South West London ICB 
page_000043.json,X131770,ALR02,Forward Thinking Birmingham,1,15E,NHS Birmingham and Solihull ICB 
page_000043.json,X131770,ALR02,Forward Thinking Birmingham,2,D2P2L,NHS Black Country ICB 
page_000043.json,X131770,ALR02,Forward Thinking Birmingham,3,18C,NHS Herefordshire And Worcestershire Icb - 18C
page_000043.json,X131771,RNUDV,NHS Buckinghamshire Talking Therapies: for anxiety and depression,1,D4U1Y,NHS Frimley Icb - D4u1y
page_000043.json,X131771,RNUDV,NHS Buckinghamshire Talking Therapies: for anxiety and depression,2,14Y,NHS Thames Valley ICB 
page_000043.json,X131772,RWRD7,Hertfordshire Partnership Wellbeing Service- West Hertfordshire,1,06K,NHS Central East ICB 
page_000043.json,X131772,RWRD7,Hertfordshire Partnership Wellbeing Service- West Hertfordshire,2,06N,NHS Central East ICB 
page_000044.json,X133434,DA101,Freeflow Counselling Service,1,01A,NHS Lancashire and South Cumbria ICB 
page_000044.json,X133436,DA201,Survivors Manchester (Salford),1,14L,NHS Greater Manchester ICB 
page_000044.json,X133628,AMC04,"Thinking Ahead Heywood, Middleton and Rochdale",1,01D,NHS Greater Manchester ICB 
page_000044.json,X134100,TAD39,Relationship Therapy North,1,36J,NHS West Yorkshire Icb - 36J
page_000044.json,X134648,TAF94,Kingston Talking Therapies,1,36L,NHS South West London ICB 
page_000045.json,X135125,NRW01,Changing Minds Northamptonshire,1,06F,NHS Bedfordshire CCG
page_000046.json,X136508,RP1Q1,NHS Northamptonshire Talking Therapies,1,M1J4Y,NHS Central East Icb - M1j4y
page_000046.json,X136508,RP1Q1,NHS Northamptonshire Talking Therapies,2,78H,NHS Northamptonshire ICB 
page_000046.json,X136738,RREK0,Inclusion Thurrock Iapt,1,07G,NHS Essex ICB 
page_000046.json,X137224,RX38D,York and Selby Talking Therapies,1,42D,NHS Humber And North Yorkshire Icb - 42D
page_000046.json,X137224,RX38D,York and Selby Talking Therapies,2,03Q,NHS Humber and North Yorkshire ICB 
page_000050.json,X144996,TADHQ,Bradford District and Craven Talking Therapies,1,36J,NHS West Yorkshire Icb - 36J
page_000050.json,X144997,RATFC,Talking Therapies - Waltham Forest,1,A3A8R,NHS North East London Icb - A3a8r
page_000050.json,X144998,RATPC,Talking Therapies - Havering,1,A3A8R,NHS North East London Icb - A3a8r
page_000050.json,X145471,RKECE,Haringey Talking Therapies,1,93C,NHS West And North London Icb - 93C
page_000051.json,X147652,RWRPU, Hertfordshire Partnership Wellbeing Service - North East Hertfordshire,1,06K,NHS Central East ICB 
page_000051.json,X147660,RT1AB,Cambridge and Peterborough Voluntary Organisation,1,06H,NHS Central East ICB 
page_000052.json,X148685,RWK53,Johnson Street,1,A3A8R,NHS North East London Icb - A3a8r
page_000053.json,X150139,NDC17,NHS Wirral Talking Therapies,1,01F,NHS Cheshire and Merseyside ICB 
page_000053.json,X150757,RQYMI,Merton Iapt,1,36L,NHS South West London ICB 
page_000053.json,X150989,R0B08,South Tyneside Talking Therapies,1,00N,NHS North East and North Cumbria ICB 
page_000053.json,X151007,R0B19,Gateshead Talking Therapies,1,13T,NHS North East and North Cumbria ICB 
page_000053.json,X151395,NWC05,Vita Health Group: VitaMinds Basildon & Brentwood,1,99E,NHS Essex ICB 
page_000055.json,X152875,RX40C,First Step,1,01H,NHS North East and North Cumbria ICB 
page_000055.json,X153374,NWC07,"Vita Health Group: VitaMinds Bristol, North Somerset & South Gloucestershire",1,15C,"NHS Bristol, North Somerset and South Gloucestershire ICB "
page_000055.json,X153375,NWC08,Vita Health Group: VitaMinds West Essex,1,07H,NHS Essex ICB 
page_000055.json,X153375,NWC08,Vita Health Group: VitaMinds West Essex,2,99E,NHS Essex ICB 
page_000056.json,X154453,RREOZ,Staffordshire and Stoke on Trent Talking Therapies Service,1,05Q,NHS Staffordshire and Stoke
page_000056.json,X154453,RREOZ,Staffordshire and Stoke on Trent Talking Therapies Service,2,05V,NHS Staffordshire and Stoke
page_000056.json,X154606,NWC12,Vita Health Group: VitaMinds Calderdale,1,02T,NHS West Yorkshire ICB 
page_000056.json,X154888,NWC10,Vita Health Group: VitaMinds Kent and Medway,1,91Q,NHS Kent and Medway ICB 
page_000056.json,X154966,TAJ85,Walsall Talking Therapies Service,1,D2P2L,NHS Black Country ICB 
page_000060.json,X160202,W6J9Z,NHS Berkshire Talking Therapies,1,15A,NHS Thames Valley ICB 
page_000060.json,X160202,W6J9Z,NHS Berkshire Talking Therapies,2,D4U1Y,NHS Frimley Icb - D4u1y
page_000061.json,X161732,RATRN,Redbridge HTT (EPACT),1,A3A8R,NHS North East London Icb - A3a8r
page_000061.json,X162335,W5N3Z,Talking Matters Sefton,1,01T,NHS Cheshire and Merseyside ICB 
page_000061.json,X162335,W5N3Z,Talking Matters Sefton,2,01V,NHS Cheshire and Merseyside ICB 
page_000061.json,X163258,P6W4I,"Vita Health Group: VitaMinds Leicester, Leicestershire & Rutland",1,04C,"NHS Leicester, Leicestershire and Rutland ICB "
page_000061.json,X163258,P6W4I,"Vita Health Group: VitaMinds Leicester, Leicestershire & Rutland",2,03W,"NHS Leicester, Leicestershire and Rutland ICB "
page_000061.json,X163258,P6W4I,"Vita Health Group: VitaMinds Leicester, Leicestershire & Rutland",3,04V,"NHS Leicester, Leicestershire and Rutland ICB "
page_000062.json,X163564,X0T8F,Think Wellbeing,1,01J,NHS Cheshire and Merseyside ICB 
page_000064.json,X166615,RWK10,City & Hackney NHS Talking Therapies,1,93C,NHS West And North London Icb - 93C
page_000064.json,X166629,S6B9Z,Think Wellbeing,1,01X,NHS Cheshire and Merseyside ICB 
page_000066.json,X169366,U2W2O,Wigan Talking Therapies,1,02H,NHS Greater Manchester ICB 
page_000067.json,X169511,C2J4D,Vita Health Group: Newcastle,1,13T,NHS North East and North Cumbria ICB 
page_000068.json,X171570,TAJ91,Dudley Talking Therapies Service,1,D2P2L,NHS Black Country ICB 
page_000070.json,X173361,S5F7C,NHS Talking Therapies Nottinghamshire,1,02Q,NHS Nottingham and Nottinghamshire ICB 
page_000070.json,X173361,S5F7C,NHS Talking Therapies Nottinghamshire,2,52R,NHS Nottingham And Nottinghamshire Icb - 52R
page_000072.json,X1760,RWJ09,Stepping Hill Hospital,1,01W,NHS Greater Manchester ICB 
page_000074.json,X178301,RJ87K,Crch Catu,1,11N,NHS Cornwall and the Isles of Scilly ICB 
page_000076.json,X180307,Q8N0B,Oldham NHS Talking Therapies,1,00V,NHS Greater Manchester ICB 
page_000078.json,X182843,N5U0B,NHS Talking Therapies Portsmouth,1,10R,NHS Hampshire and Isle of Wight ICB 
page_000084.json,X188549,A2T0N,NHS Barnet Talking Therapies,1,93C,NHS West And North London Icb - 93C
page_000084.json,X188550,A2V5R,NHS Enfield Talking Therapies,1,93C,NHS West And North London Icb - 93C
page_000087.json,X191037,U2S6J,NHS Talking Therapies Hampshire,1,10R,NHS Hampshire and Isle of Wight ICB 
page_000090.json,X2366,RWV28,TALKWORKS,1,15N,NHS Devon ICB 
page_000091.json,X2497,RP772,Steps2Change Lincoln,1,71E,NHS Lincolnshire Icb - 71E
page_000093.json,X2736,RX301,"Tees, Esk, Wear Valley NHS Trust (Durham)",1,16C,NHS North East And North Cumbria Icb - 16C
page_000093.json,X29245,RTQ90,Let's Talk,1,11M,NHS Gloucestershire ICB 
page_000093.json,X29245,RTQ90,Let's Talk,2,18C,NHS Herefordshire And Worcestershire Icb - 18C
page_000093.json,X2944,RX4K2,Monkwearmouth Hospital,1,00P,NHS North East and North Cumbria ICB 
page_000094.json,X3070,RVN6A,Wiltshire Talking Therapies,1,92G,"NHS Bath And North East Somerset, Swindon And Wiltshire Icb - 92G"
page_000094.json,X3113,RXX1Y,Mind Matters Surrey (NHS),1,D4U1Y,NHS Frimley Icb - D4u1y
page_000094.json,X3113,RXX1Y,Mind Matters Surrey (NHS),2,92A,NHS Surrey And Sussex ICB
page_000094.json,X33053,RP767,Steps2Change Grantham,1,71E,NHS Lincolnshire Icb - 71E
page_000094.json,X33246,RV3AR,Hillingdon Talking Therapies (IAPT),1,W2U3Z,NHS West And North London Icb - W2u3z
page_000094.json,X33784,TAJ44,Whiteheath Clinic,1,D2P2L,NHS Black Country ICB 
page_000095.json,X34203,RXG77,NHS Kirklees Talking Therapies,1,X2C4Y,NHS West Yorkshire Icb - X2c4y
page_000121.json,X88829,NQL08,NHS North East Lincs Talking Therapies,1,03H,NHS Humber and North Yorkshire ICB 
page_000121.json,X88832,NQL11,Open Minds Cleethorps,1,03H,NHS Humber and North Yorkshire ICB 
page_000122.json,X89726,03L,NHS South Yorkshire ICB ,1,03LAA,NHS Rotherham HQ
page_000122.json,X90513,RXL89,Blackpool Talking Therapies,1,00R,NHS Lancashire and South Cumbria ICB 
page_000122.json,X90667,NO202,NHS Warrington Talking Therapies,1,01F,NHS Cheshire and Merseyside ICB 
page_000122.json,X90667,NO202,NHS Warrington Talking Therapies,2,02E,NHS Cheshire and Merseyside ICB 
page_000122.json,X91445,NCM01,Six Degrees Social Enterprise,1,01G,NHS Greater Manchester ICB 
page_000122.json,X91534,NAG07,With You in Surrey,1,92A,NHS Surrey And Sussex ICB
page_000122.json,X91603,NCH01,TalkPlus,1,D4U1Y,NHS Frimley Icb - D4u1y
page_000122.json,X91603,NCH01,TalkPlus,2,D9Y0V,NHS Hampshire And Isle Of Wight ICB
page_000123.json,X92311,RV3HC,Milton Keynes Talking Therapies Service,1,M1J4Y,NHS Central East Icb - M1j4y
page_000123.json,X93190,NDC05,Peterborough Talking Therapies,1,06H,NHS Central East ICB 
page_000123.json,X93211,NDC10,Derbyshire Talking Therapies,1,15M,NHS Derby And Derbyshire Icb - 15M
page_000124.json,X94255,RWRG3,Health in Mind (Mid Essex IAPT),1,06Q,NHS Essex ICB 
page_000124.json,X95027,RV383,Harrow Talking Therapies (IAPT),1,W2U3Z,NHS West And North London Icb - W2u3z
page_000124.json,X95577,NQV07,Bromley Talking Therapies,1,72Q,NHS South East London Icb - 72Q
page_000125.json,X96348,RV3DG,Westminster Talking Therapies (IAPT),1,W2U3Z,NHS West And North London Icb - W2u3z
page_000125.json,X96602,RXT71,Birmingham Healthy Minds,1,15E,NHS Birmingham and Solihull ICB 
page_000125.json,X96602,RXT71,Birmingham Healthy Minds,2,D2P2L,NHS Black Country ICB 
page_000125.json,X96602,RXT71,Birmingham Healthy Minds,3,18C,NHS Herefordshire And Worcestershire Icb - 18C
page_000125.json,X96952,RP726,Steps2Change Gainsborough,1,71E,NHS Lincolnshire Icb - 71E
page_000126.json,X98179,RX3CP,Lanchester Road Hospital Craglea Villa,1,16C,NHS North East And North Cumbria Icb - 16C
page_000126.json,X98179,RX3CP,Lanchester Road Hospital Craglea Villa,2,84H,NHS North East And North Cumbria Icb - 84H
page_000126.json,X98267,RX3PW,NY Talking Therapies Service,1,42D,NHS Humber And North Yorkshire Icb - 42D
page_000126.json,X98505,RYGHP,NHS Coventry Warwickshire and Solihull Talking Therapies,1,15E,NHS Birmingham and Solihull ICB 
page_000126.json,X98505,RYGHP,NHS Coventry Warwickshire and Solihull Talking Therapies,2,B2M3M,NHS Coventry And Warwickshire Icb - B2m3m
page_000126.json,X98510,RXVD8,Bolton NHS Talking Therapies for Anxiety and Depression,1,00T,NHS Greater Manchester ICB 
page_000126.json,X98995,RWK1J,Total Wellbeing Luton,1,M1J4Y,NHS Central East Icb - M1j4y
page_000126.json,X99076,RDYPH,"Steps 2 Wellbeing (Poole, Purbeck and East Dorset)",1,D9Y0V,NHS Hampshire And Isle Of Wight ICB
page_000126.json,X99076,RDYPH,"Steps 2 Wellbeing (Poole, Purbeck and East Dorset)",2,11J,NHS Dorset ICB 
page_000126.json,X99204,RKL07,Ealing Talking Therapies,1,W2U3Z,NHS West And North London Icb - W2u3z
